Name,Website,Logo,Type
10words,10words.io,10words.io?size=256 (https://v5.airtableusercontent.com/v3/u/48/48/1767139200000/yHPksylHJ8BJjYZMHRtTmA/VORfcdOfv9FIRTl3Z30phRwDLY2q86pmIDD5gH6incgWX9X6kA8a-mw-VPEjLuOz9N2yn2z_eOEcRmyvM6rR236RKT1C0lnODJMs_C8_Ce8Cen2_T0jq39OJ56YRw8YL7W6fFRymhOVCjyc9XZgOzQ/9ZaVHSECf2WzsYuVjSx8_USaPsC0JoQ738T_fgML5m0),🚀 Startup Directory
360Quadrants,360quadrants.com,360quadrants.com?size=256 (https://v5.airtableusercontent.com/v3/u/48/48/1767139200000/F7Dmq4N7bRFiDO7trFyoww/TwFuVwsiIxZ4gZQXzuVV3eFNZ4tsnCVVTEmIuBHNMbogm76NNlXcFrl60KBf6TUgFUnYPJbA94j8OTi5ImOzYobaFTQiWyJ3CTfbXHnfXuLebB3g5Kd_EW8YXvFgAnnwJIUL1rMlIMOwziU9K_TmjkJ2BoBMmR0sivRPnFtkDdE/JDpjJbAeVmKDwF8mD_PTSej9X6AC33AuTy3ubVOuna0),⭐️ Review Directory
1000.tools,1000.tools,1000.tools (https://v5.airtableusercontent.com/v3/u/48/48/1767139200000/bYnAXNqKrr7EryhIW3gniA/iMuPHfKImD3meHUqLem9SY97FSWAi7ytRM20wORCz5WD63DwX-uJaJQ6TtVFYZDwUvflZv2RgSgH-P4iSTTc74aydr1SFTbI--pWhg2r3MWPbzDWbRMAzVSEHzVctpey5rVtfPsFuVLDoV5T9WPTrQ/bDgyPWi1QXFCbc8eJaDOodvPgjSjU7UeIeqGSYFe3Ww),🚀 Startup Directory
AffordHunt,affordhunt.com,,🚀 Startup Directory
AI Repo,airepo.io,,🚀 Startup Directory
Airtable Markletplace,airtable.com/marketplace,,🧩 SaaS Marketplace
AiTool.ai,aitool.ai,,🚀 Startup Directory
AIx Collection,aixcollection.com,,🚀 Startup Directory
Akita SaaS Directory,akitaapp.com/directory,,🧩 SaaS Marketplace
All Startups Info,allstartups.info,allstartups.info?size=256 (https://v5.airtableusercontent.com/v3/u/48/48/1767139200000/gdKxH1FdBywzAbhHj38MHg/tlK1wSFGw4yh8JUuKcoKfYrmRzPtadgyZL0YfSTAsIebbP5JkXVhsHFXc50hcYp_gYHoJQpqljJVWUml9dffeSMLKJpjQVOtiCF7jWybqwNS5TmJ1tcdSYAC0-TwObNKWMlPUndiCcNZ-SGZIG60rZaffNWhDAFTzLCeDQ-k2Dc/WuQ2e5u-MRjKra8evRkVN_VwhITaGd98aXM9zQC3kCw),🚀 Startup Directory
All That SaaS,allthatsaas.com,allthatsaas.com?size=256 (https://v5.airtableusercontent.com/v3/u/48/48/1767139200000/9di05aD8rdKuLq1So7h0pQ/RdKeuFjBf47zD1Cwda4tvV3qrV5JNAHquaEqaR8fch5p9aDcRl7K0sXNn7rsk7ULSYVJa4-l-w97RH3RVCEabb4vSUS4yX44yqWX0KN0qV_ZJY_lvK8N4iUDz8LT089tpt39afuueV5elkoL7cLR2HztFaLbiXmjUauvttrqcFU/tIuHUnQMmMv6t7EvcjdHQJXDsco1Lz9Z_02Dky3TW_8),⭐️ Review Directory
Alternative.me,alternative.me,alternative.me?size=256 (https://v5.airtableusercontent.com/v3/u/48/48/1767139200000/5BLlU5koHqRnUFH25l3oRQ/YvAmHwQncBl1EL3S-2Lq5laXpdLn1hHzBEaY5jOygtqw5MXVchFKm70D8Ab_Z_53Q0CQaovVMsmRxA3CzO8f4FjWHGpkqJbAyV0qEI5_FppU98wEbt3tl8zGrPgqMFW_-hAbwEALjjhqJF0b8b1wfiJwpS7vJ98UPdYTkpqGYCI/VHP7V9BH7lc46POKCQXVW0r8D1rLoI3cLgeZaoy4I2g),⭐️ Review Directory
Alternatives.co,alternatives.co,alternatives.co (https://v5.airtableusercontent.com/v3/u/48/48/1767139200000/aA6yu_ujLeomLo_2jfLRvg/Wb2ZCH6vY-Rc79PdHdBewgR2nmbsBZIahtM824cQKIg9MYYKY37kyKOfOQPOwIFCz7P6Q9yEaXYvm4-fh5Doj0mT9nnTYF2MXfrpaNh0t60kLru993xjaSdLoXdpw1YyWPB_lDfI-SH43LAYfVAw8A/LSy5Oq6XLLpzuK8-iW5GzOp-9Vw7TYFmG6u9LBbWfBA),🚀 Startup Directory
AlternativeTo,alternativeto.net,alternativeto.net?size=256 (https://v5.airtableusercontent.com/v3/u/48/48/1767139200000/SPwokydwXKFTqmR9wQreWw/g1LmX_ZcAojqWnvRNq0Y7P1i-ONR7H_QT9gUAAEhZCbO892-Buok9XjailKirA8iYLVj48Cpd2C4-cVQVmJ1aSvetj9SVdwc5lsVOBAO0BV8kWVxvhDroFEWxNjUD5t2-v1Nm-bt49C3icG6lt72TDTbgrKs5ItrUJJPANNQ9d8/kcLjw3UvW93vREXvIXnnCYSghFFYZznDXwgKWDvpiw8),⭐️ Review Directory
AppExchange,https://appexchange.salesforce.com/,?size=256 (https://v5.airtableusercontent.com/v3/u/48/48/1767139200000/fGGyYOZ20-DgyI09KAEEvQ/FIF2a2VjRPQKzvBSqFWsNvMMk5LICH2-tBpXkvYpXYgZT1KStGshgL_VsaqTkFMwpUA6NptqJGeojcTMzHyocc1TQ_DGNSzjMtHlbatsWbnorrU6zpEYln1U_Qn0ihPBF8vgvPBrNBdjifCMOK3g8A/rqxrmNLjgD5N7zoXwTsvcmu9MsRHyZ6iBkLqzbZ3sKI),🧩 SaaS Marketplace
Appsolite,appsolite.com,appsolite.com?size=256 (https://v5.airtableusercontent.com/v3/u/48/48/1767139200000/DOwXHcD2QwRN_XohLHL1fw/2WzR8m24lXF3hfrS5XuBAemLXGAaktwmAeAOpqQ0LCXHWB0qJNMYlnvjIjZViBL4B4mn5K5foi2HrdGqYARMG4GLJLlo58tlheCtt9fOwKtvgds8Q9RInIWQ38jim3kAzFgpDIGdyQvEjI7MtbMyQQ/oaVAua1-2uCfnGWlwMe2hyJuY5MHnXc3di6dOGvVb2k),👥 Community
AppSumo,appsumo.com,appsumo.com?size=256 (https://v5.airtableusercontent.com/v3/u/48/48/1767139200000/b7P7lqdz7z89aY2priBJLA/R9oj_wWZkhxHmIHcTL7jot8TKWh2Y3G583y4wxAa-uBHcAdfKRF3k5-OzzjM6wdGT-V0cJh4EXYOAsWMFuwoq99tV_rRUThJRQ3R6qe-MZgjBYRxNrwW_n6uXVZbxQuLu3jkSOnxWV5mS2cRsCFI0w/u_1Yj3TD0W_Q8efJfgURRZP3KxSh6KOFgZ6r8eIrl6Y),💫 Other
BetaList,betalist.com,betalist.com?size=256 (https://v5.airtableusercontent.com/v3/u/48/48/1767139200000/9CugH44t8DmR8tggeejZxA/6BURmFFMgsuwwyFEhBTBCKnSwoh0G1dst5rFVQyKgQ38uaL1v6bTMM8T7fy2Bq4BP6K-5Icppt7l9VeMm6UM2pg5ADg8T_Aj7aWKCFGM6d6jn8J5kZyAfzDZ4ELsSdzRrZhfYAneEK9yCi6DqsTesQ/5OcHPPL6OV9V8hqJwCy4Ph_UvgRwD7B8VwxF0B9lBFg),🚀 Startup Directory
Better Buys,betterbuys.com,betterbuys.com?size=256 (https://v5.airtableusercontent.com/v3/u/48/48/1767139200000/GwltrIMScW7WSvzn-BaiGg/SDucVPAHOMj4-0_8XDBK8L5DERj_ldwlUcENp9nzUS276XcWKk7YFmcX6DG2JcdobL5z-U29rWA1vVPCBm7QeXshZTk41nDc-yA9K1s1aB3kjAiOEvclUNatIBQjW1a0Guk7nYjYE_fmbl46dFggO_1EShFrMpk1-UdTOBqDm_c/cMcRjQ7zkzvFQWoV24-ukycPEbf0dk5OGlM99JFwWbQ),⭐️ Review Directory
Breakout List,breakoutlist.com,breakoutlist.com?size=256 (https://v5.airtableusercontent.com/v3/u/48/48/1767139200000/RHgs6LMZqFVp2VV08r2ZDA/T1oW9Kxlyf939jqTwWg2YLt36U7RaULwh4JhTWpWw_MCos97nNFoozBTEv-TK6f-Kx-sSaKG1l9fB2Yam6plMRVlQ-xPkQRLtZ8BKRETcw50H6QTgYNeM-3vy4a7HtPzJKLVr3M19HaiMJGo-Gu-3_6Ke2KkkVkD-Ae8fIK4P5E/x0jnEC70QYt6evFiel6y6_4OboQZR2N9WH5Xzl-a_sk),🚀 Startup Directory
BufferApps,bufferapps.com,bufferapps.com (https://v5.airtableusercontent.com/v3/u/48/48/1767139200000/AjMizM1FHPaov_HUMzOpfQ/1yUoxQsuNjBO_lvlKBoi3E4BQD8nmxm4YN9FnZYorjh_G9urE4S0epOpTadiWnQCdupsKd9UFk7gPruVOFiJxoBSti5cbnf2Sny8K8BODTxKyggl3mWY39Q3ymV5LpUs-vcT8NNe8_olgScXJqfjvQ/qdPqtvL2tedKVUKEpETXILmpFXGT2UGjrSRgdq9pf0k),🚀 Startup Directory
Capterra,capterra.com,capterra.com?size=256 (https://v5.airtableusercontent.com/v3/u/48/48/1767139200000/S_fzgyafKefjhmaP7IRY4A/n4mgARylbnEyDz2yDUA3X-HRqFJTYEGW1hsz9RW8bcSfOg1dZ9fykR_rr-PfHQ02f858qIt4wWgZMvlwxsPu_spUXznXCMJQZh3vs9jA_3ZJ7I8quqLJNu3wUCy83mkql5q-iVZhoB1DMBeoHQ5_Aw/CgWwOpv3bdXYvYeJClHfMS8gd_5OOMNgp0htlj1zblk),⭐️ Review Directory
Cloudwards,cloudwards.net,cloudwards.net?size=256 (https://v5.airtableusercontent.com/v3/u/48/48/1767139200000/RW09pAhKA_oPqaOE1bWg9A/NVrFicjNVN-Q4e6kZYoatHgIwhs4GLzBwserY2Y2jONcnN96WOxSKsBI8JqrNOzRUUjLPUu-TnN40zk6JrO9X9n4XKajbZRNXlRQ7z1f6tCSCiEMw0eyGGvKwrUcocBUKKnit-uzTHCWBROxTAOPK_eNVCsaxc4L5WUXvmN7fy0/Hro6YKfb12Pzil5070vPDB6JdXaEAM3YXIA3m6PlIKs),⭐️ Review Directory
ComparaSoftware,comparasoftware.com,comparasoftware.com?size=256 (https://v5.airtableusercontent.com/v3/u/48/48/1767139200000/dGtr0JsNBDZ4kd-_B2x5eA/vkHy5MJeGDbstpvlIAvEzDLM5Iu6IrUfES5_rezJYUhN_ONjWLakPJQFXT04XvdNtOIDYt4L3hfDbtCvnbBnNRyUhTgXZML1GALYHFSV7UBiqPTSvWi7QsDOaQnt_Myn7Ufjn2dtv50gTZupTmhBaCm-Rr3n1-MI_6v8_SgGjX0/r_9zxe1-3zbCUA5Kbc7EOW7Jd1myLIMDdHm7lYqjZ0E),⭐️ Review Directory
Creator Supply,creator.supply,,🚀 Startup Directory
Crozdesk,crozdesk.com,crozdesk.com?size=256 (https://v5.airtableusercontent.com/v3/u/48/48/1767139200000/ccGEr4cDeNRrs_6Oq-Hs5g/yC--me4cRsLCnSnWGN5HkAUkgKyovDpc3-I2lbm2bBseKo0o4f_FSO21GIFIuBtIh2bsL94R1w_iRwjspEIdOY5oMBcCD2hxLnXHrBnh6WdtUlCe21iWq58S4PxpQH9fHXvdOB8IRw8e2hnKWZTjlw/ZqutN9C7wMIktqxDopywAZ9qf0awpfLLiLeqZfL8oT4),⭐️ Review Directory
Crunchbase,crunchbase.com,crunchbase.com?size=256 (https://v5.airtableusercontent.com/v3/u/48/48/1767139200000/dzTdYASMHiqLi4WNkzwtCQ/DkyvpkU5RwRsdtsk_RvQv7h9TnMV5kb5v6vC9IMlUGT2Zh7xhXYWlxluuHyoc0T8Zzm6tRJLN2RBT6a4Zbgjq5Js0L66JVbsIX3F6yrxPWnmPT8iMUxqMJASNcTSPjFyxx_XRC5pkDenNWavB9KUgOt38e2HjA1W8iwVR_uzUWs/4056hQQqiLvtB8Ikhzwb27FsE0ebECIONd6isA903C0),🚀 Startup Directory
Dev Pages,devpages.io,,🚀 Startup Directory
Dev Resources,devresourc.es,devresourc.es (https://v5.airtableusercontent.com/v3/u/48/48/1767139200000/GC-C_EGwiHsmp8lQBbyHQA/4zOAHeVOc1K8eTPmpAdHPZQDz3igak19FBx1abLTz7vjQWU-TeAeyYKP8VEmCjjQfZMBccVCHwl0Rf01WiJzECjKI5_J9F--3wNIcG6xMlmtO6u6WTw2b9f4FfGa7alPl4qEETWVnkBXzhFyoibBLA/hVWLY7ABv9b2Tq7hxqFaumTqSEWe6GipigBuQ2lqp-A),🚀 Startup Directory
Devpost,devpost.com,devpost.com (https://v5.airtableusercontent.com/v3/u/48/48/1767139200000/Vn-YjrLdOGqGQ8hivIwXIQ/xgNmwddvrLMuxrcrFKyZkNn8EfUDCGw90pzRvjzE4ZUKJH374zb9PAeAQ2wRpu5UWXgxL2h36topKZy5dAkntpLj54JnzNYHROmjUlrPqk17w6xUFGk6iicwyKGZ0TNu5NVixLh0-WNeX-eEuzqHMg/oW481OrOrHZ9D2BA0VOWjeRzcijLJE3ynWELVrrPkmY),🚀 Startup Directory
Discover CRM,discovercrm.com,discovercrm.com?size=256 (https://v5.airtableusercontent.com/v3/u/48/48/1767139200000/mzTlZ4QnNsLuBbJa-_wHFw/24TiroLFTwR9iK0SyzhCF2Iapv0fv5rXJKsTtcYTkWsYNm4mpyvE1KKq3yGw3685YwhOLfvUqun9Rx7IL1F511T0TbI-CuGB2MAKMbbJpTb0WjMiv3zgvo31a_ZcwNrA_hs2sVXlpCQFZKIF0kom1S-p-2OJwlL6Vdw8LgkTyg0/hWlrcfRWDaxSdecskk_nFNEMFvs2dlw5g-jkqBgM08U),⭐️ Review Directory
DiscoverCloud,discovercloud.com,discovercloud.com?size=256 (https://v5.airtableusercontent.com/v3/u/48/48/1767139200000/tv2Q7alPro9ki0C7GM-QYw/JUlUWcmZiGZI9WAjKnPsDJVyN6-maKmK4jHLtPICaMQpwqoB71lo1fya7FG1R7_nFjIsdXbM-4sUcSgvr0z8AUGYGnOcCI2Bb6G_lYFshBZI008cIUclsiOuj_DCfDEMUGgUW49ZUB0Y8jbFnJpJuDSAECMlPixlbWr1xFPkHVE/OR4e7ZM_vg-VdsdXU40-k5ctTpAKGg_HRBzl4Kok2oo),⭐️ Review Directory
e27,e27.co,e27.co?size=256 (https://v5.airtableusercontent.com/v3/u/48/48/1767139200000/gpWCmsAbXc8DOMERZslJrw/ktrQhM_BoMhExj0zpCCCz16JwBs68Dv9Bjg1_bDtC-EwgrL-SZnTXVWoYUpqT5p7s2fBkD_I-FQW2Yni_A0lck0_LN69Gp93NVLyFaiqucILsTFGjjUfvhk4rqjqqLug5Fa3D637oBSIvACw_AB4jg/0-KAv0DZLttTYlTzznctBzYgX3IxvKiIrmTvKH0VT9o),👥 Community
eBool,ebool.com,ebool.com (https://v5.airtableusercontent.com/v3/u/48/48/1767139200000/Dt0NQXJqlB3h4WULtfoHAQ/oi6EFzHQBsx4tS0ZXt6CmgVx_rbwtwBj9rEtB4oAC49TpF4reLaAeHO-Sg4RZC2XvJGrvs0QKcS_tef5UK90C3Q3IYKX2A7AlEyZ77qXlzopVUi4hEcuBSv41v4yYGAnIHGXcuUgfurbIFcNvGPXJg/7hsHx7u7Ec673i3jy23ZsWh0MHGctGhG-xRglCdhscE),🚀 Startup Directory
Efficient App,efficient.app,efficient.app (https://v5.airtableusercontent.com/v3/u/48/48/1767139200000/GzndOc4Wm6S9AR7U4YSZNA/TpgOWL1NOHrVtRQYUkbxu5RYqL0o46IqFjfB6rHZoargzabSE4Pqiaa3_-e92DsOffs9VIyc04yyyocmzaiB3TviieW3H1s46IjX2s9dGz9p1VWKpmEvt5cWx4POHzW1UNPnqnnHekv_R4y83MnPag/meEDMhtkSWRtc1zMUzTP6BXNzq_xiXTHVIOE7Wzf7DY),⭐️ Review Directory
EU-Startups,eu-startups.com,eu-startups.com?size=256 (https://v5.airtableusercontent.com/v3/u/48/48/1767139200000/ESBTm4C4icA_h5OLmhowaQ/d5bj70kdzsltLIH9QPEzScityZ6CQXssKd21pygG_y3J_-sn0T9dHKhRB2XepcnQnlE5iEXQpGEydwVMQeyv2ZsMW8puFY5UTXIwoixz6LDYyEs5uNJDG6QhVKzMxN538UdW_ZPN5Bm_sxyKYH-arYKmvUAV0KcEaZS4HvHfHlw/PEXzZavPCnfVSbgcpXRJH8qZXi2tpQVoQw5ntF45yyQ),👥 Community
F6S,f6s.com,f6s.com?size=256 (https://v5.airtableusercontent.com/v3/u/48/48/1767139200000/jIkkDRCS5UQuR6D9NHAk1A/8fA4GfzhcJ1GRTRqBC_Wjay_RBCdxoec9_OrOsLrP21irkwal1LMs_IU4OtL0rMW6T7dKWkMUPW1Mxb_5efKTjvZye0y-o7Jx79F80pmGvWasbmlOHfme-m_sJIrOUTb1h54RZKNpnDYB3d3kArkIQ/IPRxlRXLPriHUChj0RB0bkYTHeHbnxughINZtOLlB4I),🚀 Startup Directory
fazier,fazier.com,fazier.com (https://v5.airtableusercontent.com/v3/u/48/48/1767139200000/azABYDecRNFV2JzPg_ORlA/DQO2ojGFbi08beylR0zcdNB-XS39f_yaHklvEl_pG3b37b0pYPzE1xIuAZpLIins9YkS7OUcx8M2rGs6ZEu9HweU_F4OpV-4-ZoRmKqrVjkoTyrXnDEUvrg3knyT_XKQTVmPX6V7FBxLsPSx-jl11w/j2Bixq73tv4BG0wlbuDzg4659bBVGfTHtMLNKGyxkqg),🚀 Startup Directory
FeaturedCustomers,featuredcustomers.com,,⭐️ Review Directory
FinancesOnline,financesonline.com,financesonline.com?size=256 (https://v5.airtableusercontent.com/v3/u/48/48/1767139200000/YKcxv8vw1ef4mQord4zELg/anLD_GNg_VGO64jPHumaBL6LiRohj_uz7EAYEV2zIc9YLeKMl9emtVOCyWtILezI4lhoHMQ0uTej6iNMu2k4VlAZ7_8NT_ysuHL5jis6YQFZDX_8OgH6ZYSL4zdAVh1KuaAD9GrjJxjbB52OybWGcW3-zoNKjzViNRpD71fNuIs/qupzHG4EfgnHpkIx58zhUZFIYXHiVI6gkuoiw-dQXCg),⭐️ Review Directory
Find Cool Tools,findcool.tools,,🚀 Startup Directory
Find SEO Tools,findseotools.com,findseotools.com (https://v5.airtableusercontent.com/v3/u/48/48/1767139200000/EhL_eClOoupQUmdx21h2Wg/cuA95lwAiuffUTGJGGBlwn8mePn2t1yQUKbl1H2yvZQLJ1sxxSE1xILRiMuApzchyHrh4pmcYzkuKu9_lO6cyDoW305gSAQMZCTVoz-G5GEqzjlQ-HNhp9fXE92w5dtkR7xqLbqLptmn_4ZmFUV8uQ/_ZAi034NMQ8KTLPPWTPxPG1irjW6YwldrUdeXkMkkHo),🚀 Startup Directory
findstack,findstack.com,,⭐️ Review Directory
First 100 Users,first100users.com,first100users.com (https://v5.airtableusercontent.com/v3/u/48/48/1767139200000/BPT2b_Xzn8c70g9Z0hut9Q/YHZ2d_y5WJUL5tPdhpatYQ08EGbai0sLF-LjTpYRqKwguDvyyaPERwwL2henduw6Z26acOp0C3omANqbZptFW4ynCnQqkEC6E8dnSnHIPJutPIinKWk4yUc8B9tnyI54lqwv5tVZLJReIAdNa3ryCg/fNy0psPk8qMfa0XfSBOr0HoAUz17zjWXxqDVOGDuEl4),🚀 Startup Directory
G2,g2.com,g2.com?size=256 (https://v5.airtableusercontent.com/v3/u/48/48/1767139200000/2syt7p5_zhzqV8HqJUYzhw/-NjwjtCCrIUOAmk7RLCpqu9ZA82n5OfqyQouJ_J4zAUHg6_ZzZeq9NNf-wbQ8_1zpxtPEJz1LmBLEmNPXlPhS42tlost2HaWJqSRZy0FN6MC54cOPQgItKegO2p4o0QgLaLcQhFJv4PHzluh4eLADg/aZ2shwncUzmltQUb5I1xN0NktNC--7Lf6V_ngMLBiDo),⭐️ Review Directory
G2 Stack,stack.g2.com,stack.g2.com?size=256 (https://v5.airtableusercontent.com/v3/u/48/48/1767139200000/SNc5EVxaOJARIEnE8sYDIw/A6CNS3Y1gfF0xqi8Gm-BFyxP9JZNCgENAXrEMtbRE3_VFtqPIUsNX6eBm6nUP80MDj8gSryYEdRcxaVXDtHibPGS5qmf37fGOXBexmfyODXHObIC0NrrwadrUUttF_euyUc4J7XQnDdP9EgggUPlPQ/VYJfpxc1ZgECm_dojTiuiV-BLZnEVyfd5elyWAK1oVc),🚀 Startup Directory
Gartner,gartner.com/reviews/home,,⭐️ Review Directory
Geek Wire,Geekwire.com,Geekwire.com?size=256 (https://v5.airtableusercontent.com/v3/u/48/48/1767139200000/x7dr2FvXd-zmNxdZ5o4aoQ/5T-ZCb56qtcUh2nTFKOomcC_FKTRiILbw38SOI4FXS8NytHK0QzVyc8BQiVxOQA5aCJKbs2B8VVILyuvOkNSmdzFF1MxIiMqQUxfA-H361fN3H0MYIXExuNyoXN8UTmGUzVwBDPenDERozb00YtKAw/y3RRAzTCgKYOLcWRZypRbGgI3au0Qh5tZmnpU2Dh4VA),🗞 Press Coverage
Get Worm,getworm.com,getworm.com?size=256 (https://v5.airtableusercontent.com/v3/u/48/48/1767139200000/IMhES8YMdNE9_s6ofeK10Q/JDBMUQjdbX05xzu9lvO6hQ_DnYO7Knl6eAs44hEZ1TJA9ZXE6TVZlPo30ekLmpZwUERhCUh0jj92JW8U4SjpYw07KpS8mhU0NCNlngvCJyhqN6xS12a_t3Zor2fsemUaNJ-4AzJwcY5LxBYChIk1QQ/Tvg_m4lNXlBhVBlY5HxinNiFRoovhRRyjcVzDs4LH9Y),👥 Community
GetApp,getapp.com,getapp.com?size=256 (https://v5.airtableusercontent.com/v3/u/48/48/1767139200000/DwrJ45-5uwjKWm772Miv5A/LnQ0Gl5H9xh5S0mlEvgn9xTO7ZHX_A1uyXrByFpJZ7GsrIHx33U3LRxe7BQY3KEtw7jRaZDrqiiHv-X_17tb3sLBpA_tGNd0L2e3fsf7oKq_HJDA8rWJAMfwo1IFqpApTeKXas0tvYPU4vHSYAx6AA/ioNrAWEA8PS7-U1fNI2WVTdQUsSWXRjcuv17HxClfhU),⭐️ Review Directory
Growjo,growjo.com,,🚀 Startup Directory
Growth Hackers,growthhackers.com,growthhackers.com?size=256 (https://v5.airtableusercontent.com/v3/u/48/48/1767139200000/BbV3c2k09Kz7VksJgioAAg/8i9DXnqAQ8kmrI8PYdNDRUs4es2CFkt4E87IYpmWeSK5QwV_wUi6yQxb45PFJ-5xV1T7WmKDarNDYCMTpXgMCE51OoJfjXXYroloxxMbLYQzqoMy2MldTGakoFPddfPjiXWTqU70qn-eacp_J_r29JkOo3AZHt9Duhs6PPnDmpY/6k_yiXS3N6ZO3nYzu0YHM2bb1n5tt-3kzraajG_BGFY),👥 Community
Gust,gust.com,gust.com?size=256 (https://v5.airtableusercontent.com/v3/u/48/48/1767139200000/_eVvP0Dr5sTk6XvJGQKO0A/2zlea-O-i-x4C24YniBdTpn-cAQu1WZvetampdJjvI-P1c7cJTpU-xPaRri0L2KoZHwmVW0PTMse2ccyFnC6bgQYjREzhXamGAPtcStzoRtcZU1wWzTQ3pwcfvdEtGqU1DbI35_V4SqQvD7v0gtheQ/lnLuYpAqdbNg9-4i9cQ_4JyyUWW24zmnFTJj2hwt8x4),👥 Community
Hacker News,news.ycombinator.com,news.ycombinator.com?size=256 (https://v5.airtableusercontent.com/v3/u/48/48/1767139200000/dDHM2zka8i9VTyQZaTV2UA/Y_A6VxCAXuBbvQukr7LGyNwHtRuYnO5KIDoQSzxZgutrPiqH_1k2F3i1vE41nGTq4ZyfBm2JDTeI_HnvqyPUQU-nK1woUsD81hANYE7R8UwZUy-J1_n2d-CZ8pwv--g4RTl8Jx5RSw8Vr1AtZ6_EsmOaZfq8wJGJz2nCgTkuzrg/_avV1CxsiXjwllnbaNAfGG6fJNi3rex49mcZK4HJID0),🚀 Startup Directory
Hopps,hopps.io,hopps.io?size=256 (https://v5.airtableusercontent.com/v3/u/48/48/1767139200000/_usqg1fCIOA6y8UaJA1uvA/r8eIuEErK8bRMUqxpXzn-d7nwjnv2_CB0trX9UrVMh2qS0_ZZunMMi7dOIXd11G39dcuLtH3Q_EQIQ9TxmCC6FXTCkPVBbdC8H5CLVrrHZABaTU4BTdD2hF5uEpOxRH4uDudE4TIWGAk5DlrmaX5yw/cTOVpwIpRsm26uMuWx1ymjB0m7pn01wtLWrjWOVk-SY),👥 Community
Inc42,inc42.com,inc42.com?size=256 (https://v5.airtableusercontent.com/v3/u/48/48/1767139200000/DYeXfCzpkIk05zbzbYlqCg/5QC0BiMemvTfXlNy3RaTenXxXhvLAb4aOb5INI468u5yov4OANJrrhMEOmqLwV1IsuHd1Zfas5veDjQzAWNu4Wg9_C_vdX9cR5In9CXuOJPn0FjW_yLSaOHZvqfwuR00gJou42AUuzdgKSYBbsVdYA/YS_tS-7brT7lVsK4-AadxLObSLy35loxbOi2leR_VAQ),🗞 Press Coverage
Indie Hackers,indiehackers.com,indiehackers.com?size=256 (https://v5.airtableusercontent.com/v3/u/48/48/1767139200000/EIPyqI9YHrkgXooVIE0Fyw/FtOwKN-36bdzznUXGz59ZIkxr-TkI_UKTpnJPeygufF29wh1gqtELX9qPHEKKXSHHli3RLUyOo8jSFjMNZe9q-8pc5Vh8jpYT--MlTagGmbakXwqpp49aC4TdZ9onsOUjWR_X-Hjf3vZzch6GgbURxkE0Ym7XdL74RxpclUjJms/5PRWxqQCi8MxkuJpEZLcq_UnDUsTx_fmj58HYQS9hf8),👥 Community
Indie Hustles,indiehustles.com,,🚀 Startup Directory
IndieTool,indietool.io,,🚀 Startup Directory
Insanely Cool Tools,insanelycooltools.com,insanelycooltools.com (https://v5.airtableusercontent.com/v3/u/48/48/1767139200000/pPOr7DIBbVJoHy8t73zcag/eV0Xwj8rURygzzRLmnthwVkS_WkOsk4rhJWQXBAqM_N3lT07HuhieQKz0oWTfyHub2QcWQ-Lrcua2CEDLwzqoPP76LuPYvbBJii3TEXAff0y6-Bj4PbQpdZbZRA8TIyFBpBaQlGB9kM_VQ_uqMemJA/u7MgsOppFXkbl0RQ5Od2SX9DLD3JCleS4D4VWun-anQ),🚀 Startup Directory
Insanely Useful Websites,insanelyusefulwebsites.com,insanelyusefulwebsites.com (https://v5.airtableusercontent.com/v3/u/48/48/1767139200000/p2w13OKSK4mG2ka6AbXIxg/-nOanKi4ZsUtlQtY994I-8a4AdTiJcq5Ms-3WKq7BjGShFjwoUdBlooHQ4G9TKLtjlqDeYAgKUrqEYjBycXYkVIHUIBjlKRO44J5bZf_fzkt2JQNr3WpG0Yhvpe1HHqfTCsAKpXguzAbZwgHdcsdaw/wtu_5vxDNo3GYGYgpYk3cplfOtxlayoMgVRm5SNkUqM),🚀 Startup Directory
Integrately,integrately.com,integrately.com?size=256 (https://v5.airtableusercontent.com/v3/u/48/48/1767139200000/fEziOKBgyPdY6Pe7LMsKqg/zE3F6h-TuHmZxu1AI96dkAGY4k2Ei1-NzSeaZBAP7Qyzdf5wna7z2Tz3i8ieqvVJN1496xmhOEswn3M9VpYw-71nfLEguomb93MLeb3HFHW4HXiKuY0JI2EBCtPxLOeSois5FlahqSYq8F4A42E7dZPITQPefINBv7NiP6lg3hk/9e8xglRggEEWbcXLdHwHpbW_nk2eyPJxjW2RhW5bRfg),🧩 SaaS Marketplace
IT Central Station,itcentralstation.com,itcentralstation.com?size=256 (https://v5.airtableusercontent.com/v3/u/48/48/1767139200000/ZdSAQRD72qwUQ6NwfeX3Xg/Rm-TR-0SWULR2HP-GC4b8NarkCVF72XbKaZUI-0QSCTy05SgvNCH3M2pAD3zMvTGNfvDHaRviggilzGzbkQY5QV4_3D1QGeebxakGNdkMDuWLLZSIpsCA0kYwS3zkvvK9wiO0LRwTcm8mT6s-GGlfczmoPlZQOBHYXgy7fcRSns/tNphJIcYld1R1QAnW1a--EPCtDeLTNdQ6iUNP6Z1GJc),⭐️ Review Directory
ITQlick,itqlick.com,itqlick.com?size=256 (https://v5.airtableusercontent.com/v3/u/48/48/1767139200000/C2cQ-VOufXNGBq_5z6TsGQ/ttDBqXzmZPbxim7L6EDUONIRC_bSmQwYPJNFaG5f-DP_d8yd9B4mLza1xDc-vF33SLh3gXrXw-ve9EbKm5WTiMGv49Cosmo2FmWYhSsabBwMg83dbjD2VrcTC9NjtXdw8mlD-XjYFbnMS2d3NT2DWw/uYyM1mOAGTxFLQj7nnWok28ve1dkqXTyZ2pcOwnljTU),⭐️ Review Directory
Joinly,joinly.xyz,joinly.xyz?size=256 (https://v5.airtableusercontent.com/v3/u/48/48/1767139200000/cfd4r4or5iIOPs8FcgeDxQ/MBpln5m7RFErb2_CaLLAWB1uqB7TFdMPepTy0T_obFJCKlhoogrX98upU4TAi5_oF0xsP6uL9QY4v8jZgUVB8yBkS9numApjsejeq5wwuNYrhHEVhV6i3E6egSU8Jdfxdc1ZPCC5iyjqxNCBOUZZLw/wClMr80vnSujd27CDLdpT9ekyTjzm9o0afJtAMc5NFU),🚀 Startup Directory
Jona,jonapr.com,jonapr.com?size=256 (https://v5.airtableusercontent.com/v3/u/48/48/1767139200000/OepAU-gBfnsqSAJQGD_EjQ/mp519n_nAlADoPpfrYsHTrQD5A2Fmk_IBMY-hUaOdNHtd0qRhpwemcl9Sbl9TzAogCw-wwVLpOJIhACiruRArAGDrf-lhDb3fW9k6JGSd-lj4myWOyojHsHN4AYaT_-dRxn_mdhPms4Ul1bRUVQFgw/_0rIe8LTdenjQmIFZb8JxsaDPAZ8ZPLLJ6_-E4tSKeY),🗞 Press Coverage
killerstartups,killerstartups.com,killerstartups.com?size=256 (https://v5.airtableusercontent.com/v3/u/48/48/1767139200000/0LpbUskche4K4A2KTP_3Vw/AuwKbA5Sse-u2AxclBknWZK-gYAR0eVUoxCRjqECFI1dafBDnZF01-iCS-Jdn1iuPPAisR-QqJAyMKIObzqHDoXtorOvCVOgyrfI1uyGDIZ989_S8z8X8eO8s2FzEa8Bxy_1ggFoUn0uDklc5lckAE4mjd-xj3CradOtTL1XTY4/HcK_NPikAmvEZcJSl_WPwCHohhZJohvLvH2cYiXjR1E),🗞 Press Coverage
Latka,getlatka.com,,👥 Community
Launched!,launched.io,launched.io?size=256 (https://v5.airtableusercontent.com/v3/u/48/48/1767139200000/vQH6yzhVq9WvE_75Maan-w/f6Q6vIsp4lV_AWyjH5jfAweCuVqu9Vu-GAXcVkruuKJVDPvWWLYdRGh60Vz6suAE0W61vdT7qECIO0NIZVCSHurBfYeOjEYKRwW0DAzCV_miyRtfVk8EQzZazSiSZJ9xDN5o7ijHpVcYQ9T3J5xK8g/8yu2wToDPn6bJ5EaX6YQfNYkd-y-xqUmVx_lxtpieZU),🚀 Startup Directory
Launching Next,launchingnext.com,launchingnext.com?size=256 (https://v5.airtableusercontent.com/v3/u/48/48/1767139200000/TR-2p5sBpj7xVazxiWZhrQ/gJiZoA5kC7iGAGCfUgjeMqUYtQ4S0Hv2X-7CGE2HB6gcYwIaqoeWYd8vBR6amACIfnlUbMoXiACcRqg2m6awIYrBKgWrzuydl8A1BZfYfC6Fg8r_zldLqVTQD9qTXNHYAhKltGYfe2JXVdIx7ZxeEuLmRrJQ4BJTVh24TdxMmlI/8Mrr9Fth0AdhtV1--u3_s3qIjKJxYlcYzmTTAAAR98E),🚀 Startup Directory
Lunadio,lunadio.com,lunadio.com?size=256 (https://v5.airtableusercontent.com/v3/u/48/48/1767139200000/GBKX0tvmgqM9NXpqrmqYzA/94To1WS5gzznBp7F8wy7pg_Zoz494S4RqD0eKvqFKGiAhVxFH8kbFOZNmgQIeaQakmN6ldu2l0yE-ba506XjpYrPDQWC5z6WD2PIjUzl3g4HR0AdsfMe32_E-cE6fE0Rf4m9-FlSH0LUCyQ6w8jSOw/xghnarYHc5PQjuwOECf6-TwwMNXnINN077HoPkphEQE),👥 Community
Makerlog,getmakerlog.com,getmakerlog.com?size=256 (https://v5.airtableusercontent.com/v3/u/48/48/1767139200000/FusLr-G4RWX9Rvhu4uBp-Q/VCohCRU7mG34CT48f0_0nXKlhIlm0DiYLCok8q9bfHdV53AqTitFQvAb_qoAyRskTkv1uRj-yjUaxOTTnyR-gw6zdHeN5daxQLEm_VWPF3-xyh3pdFTGRY1NVg-JbmQO1eRCXYrCIM1IEOC2CSq84ERX7jOWGDLXUbfIqiVk2Go/XMoiaGtkCLzEKx8XzJIRrl0cNTqprZKhwSvAm3GeQ6U),👥 Community
MakerMove,makermove.com,makermove.com?size=256 (https://v5.airtableusercontent.com/v3/u/48/48/1767139200000/GvbVxs4cMQpf-rHVT6cSfg/FC_WNo4VClpkD5pWedxW4CHbfQXc_zcPMFlSugcfo0H-LJ0sPEViP0Osoc4FoI2rjfOB_b2ICcNRVNVJIZ3K9GS4iXSFofFLi2gmb0L-awR-unWm8pB3Mli2FttrUnsuh7vw0dBbUp_YAgyOHZRsnQ/lXZkfdA0OP1BKBzCYirWmhrWdUGQZ54J_Yni6FrM3ig),👥 Community
Merchant Maverick,merchantmaverick.com,merchantmaverick.com?size=256 (https://v5.airtableusercontent.com/v3/u/48/48/1767139200000/JaC_MUwVLtDh_bm5aAPE5A/tumcRg9aqKjtiIPss2PDAiRfC6DSH-71IUwZPaZvsNEeSiqFxPcyWHDwvnYS_djnubRKqNZTKhyFcwYIvxxaY6NmFTnXt_1uMPro-Bu9os1j-Leor11zWVeMY0R9WxX_f_qW0TXR5Uiu_-CziWtyDptN2YCd577ruRYZe11X4YQ/96oBz4NsZUKYvLP0zcFqbZjtNfD5MESJWyAVN-iIFC4),⭐️ Review Directory
MicroAcquire,microacquire.com,microacquire.com?size=256 (https://v5.airtableusercontent.com/v3/u/48/48/1767139200000/qegNUElUJd7Q3zv5skLAWA/YG1r3MiZ9LaI9HRJCgyLDnRHCDrrS6ZDL3nI4gBl0f_0nZfT8YEWIPB1m_PBZ49lCgHRFMEDfcN45w9g6hraiEdwJ03D_a0QUXz0M5Mz7smf1DU5oB5vkLkBQepBYaJy_ndly8vlsTOc7vSSJUQesxjDm_TpJ_F8GAk0IwTA2oo/0nQhPSc9CQqikYMAEkdGNWBEJvVhdjjEsVayDjpLleo),💫 Other
MicroLaunch,microlaunch.net,microlaunch.net (https://v5.airtableusercontent.com/v3/u/48/48/1767139200000/VeBVtzfIVT2RXXzemusHCA/5Zx9eqfn1vH1T22H9znzHnHWg2q5g9u_EkQ1dGlcobtj9pJhdzYnjl6HUGMNB5hspOuR_UeBKZM_CSMLWRHSgmqaMFQnQzD3QbZ5ZGGD-PgxcK06NtIoBZ7c5ny2O64lnjKRnF_TiKciXjN3O7O9yA/fVjYnpZL25-mpTWZUSmC-pKn7XXw4QJo3g9QPqssucw),🚀 Startup Directory
microstartups,microstartups.co,microstartups.co (https://v5.airtableusercontent.com/v3/u/48/48/1767139200000/wo7rzejho2LbCQXiI2VGnA/7Z-ijTxRroimJIo5MoUcga3AJyKmvBDSrcgnmTD17g71TX_ZH3p1oK6tqJfxv-R7yuGy3J-fnO3vhxYkC7J1SrUq8KtWIbveB4LSrvssfQnHeVIBpd_kDnYdivfwKzFPybZOgm1X_IaxlX9s6ohtvQ/BrZkryZLfkvsd2q-6LA8LVIWdb-2TegPOshnHIgHmPI),🚀 Startup Directory
Morning Brew,morningbrew.com,morningbrew.com?size=256 (https://v5.airtableusercontent.com/v3/u/48/48/1767139200000/dgLaee63bIkAuEdKqNe2YA/Wr4twRtwqSgGYPPY-j0AFjqGKqQER0yd6mq6nfw6_gwH0o4V12cazWTEV1lzDB198Br0jr0Bbm02ElcoJmmfEnbFxHLGOeTvmDemKelK1tSOvyqdmVCcz6loAmxjD0q6Blc6rkN2SfgeyZ00Ty0sWqDGlXJhLZ7jcZCyzvz8Gjs/5vNNB5SDAW0W12PP11DX38JPrnphhDEOoc6RyIpGfSQ),🗞 Press Coverage
Mr. Free Tools,mrfreetools.com,mrfreetools.com (https://v5.airtableusercontent.com/v3/u/48/48/1767139200000/mTy-jmyZgvNsD2x7GS1iqA/bEJUA3ngWlQYuZTX-1AAvpXZwGeDevqg6bJBoLEWtlQL8p9yHi04CTwyx4_OQ3qoaxzxRan5pzR7BXZ-0oXClsolkJPH0OhTB9jqqOiUzMqDkFFzrKp4tYRNUq_E6xdDwaVJbFQGxEUairayPgy4-Q/TxXAqKJRAHckXJ3C2Y9778yrjygdV4KCIBP0bdrC6u4),🚀 Startup Directory
Neede,neede.co,neede.co (https://v5.airtableusercontent.com/v3/u/48/48/1767139200000/RKn6WA1djLwFZ_yjf-4d-Q/IMAkq8CSE1LhfTbhW9BeHMWCcm7Nl4X_3ghUJBf_COSQjyu8k0hOjclfyYgjlZcibkLXutfpV2VyEHQRK5gOWGAAhwhCQDk7X2CTJLz8YO756og46ZfTejSYk-S11dJ4QCFLfltPbLnJqWZiA4qQHQ/1jzFuU5f-hL-I90a27kcdt_7d7AuxDAyHeYYOUJjIlA),🚀 Startup Directory
No Code Founders,nocodefounders.com,nocodefounders.com?size=256 (https://v5.airtableusercontent.com/v3/u/48/48/1767139200000/FiEudqN1dN_hfNfMexRJPQ/FYbeN8xTlU4113ZZcMatSBAwXzagzc8BXAaiTkcZcUNAYzrM7XCQr5DcPJIjfux2R07-boeXTrQtkjgg919yvfR1Fq2kvAh1Ht4qoJN3joyXoCUT5N9o9a0yvMvehJMhekLXGlGJqsVk2tD_aMNo6o_Qfi05YvnXoyMMskEAiX8/gsbjUgQekOwI6wtgcKJKvSIsv42DmbG7ec0ThJqmze8),👥 Community
NoCode.Tech,nocode.tech,nocode.tech (https://v5.airtableusercontent.com/v3/u/48/48/1767139200000/9HtrYO3lF8cT6fw3W_akng/WGV535WgOEiZYGYPyhvkmy8F63Zp3fYV-JYeQsKKlQ4oopCNt_T131D7jZ52XlCCwc2RevQuDq0QKPuTD9B0vvoWa7IX6FwRNwgguISWJiCVFOwA24ozQ5vORCcCoC8KHKDd3Ka0dBt8VRZSyW_22w/p0Sjp3sgaKTeQFQi1EWdhfTEsGNSfM7183MV2IYo05k),🚀 Startup Directory
NoCodeDevs,nocodedevs.com,nocodedevs.com (https://v5.airtableusercontent.com/v3/u/48/48/1767139200000/rxSlSgXZfdC0hRwXtoY5jg/GstYr38AHo70MGXD_VJO2es_P5sSryDKiWUiEcT7k1harxiTSjt3QRV2nQR2FQ_fhIcftjaD5JBGu2IYm27K9GFSKjCCcV9xDKL6E923h09rOkjsF_EtAjqUjt4LqNPWvipHBLU-lpz7PBQvF3cUyg/O8SpH2IA4r8YsYUQFe8Y25IL0BvHEnOfkdOVABc_xp4),🚀 Startup Directory
Open Startup,openstartup.tm,openstartup.tm (https://v5.airtableusercontent.com/v3/u/48/48/1767139200000/mE2ROXEE2MTk3JLnsPbYqw/nzPP2LXLVlVr5gg0qjcCXnANEFCOheD8FOccMXNXxJnyvksaR1xRlvEg3UcggYihMBiP8tPOOm9lO3KsiEYzFBwomwVdBUijs165T6THiigMmrdAQU2YxpudiuMuKL5KPeu2liYoOVY6mN5CrGHnYA/PWTK-poSlHdPEq9Elr41kLujCsQQIWhmKjD1hiQeJLI),🚀 Startup Directory
Pipedrive Marketplace,marketplace.pipedrive.com,marketplace.pipedrive.com?size=256 (https://v5.airtableusercontent.com/v3/u/48/48/1767139200000/Fdmz2THExRu-BiP1vM6TCg/_sgg_9r-n-gRGFxWxKS-Rf2ogGd55bXkSF4bF8o67mJTJoeECB9YoP4lyBiAC9qtzTi5viJbWSnM0Qz_-X5_0kvIKMccqOuq65PlzfD02KQEjkHWgKDneMvQiWO4LioBpR3C_rN7qaEYXbiY-xdwcQKdWwCvTokSjR_ZG8pcP7U/MFGLkur8bKIWX28QnGuKZap0WzjIrCV2KrdSncsJWdQ),🧩 SaaS Marketplace
PitchWall,pitchwall.co,betapage.co?size=256 (https://v5.airtableusercontent.com/v3/u/48/48/1767139200000/AJPFMGGV8Rj8oZBblhmV5Q/Ho4zH1jpsmsBN1KfBOtP9x7DxSShCEWT9WxAJ6GCeHn4vlwNBRHaO7K3Xhg72gokS_xI0ISHwh_gLvlrA8zSRNL2896ZTu4c01r7gsoBBsQvaA7jChdlld4DinZiFBxtcTESWO9vjslggGh4c_jjag/U7eWusY1HrMS0YAHXqRN6bgOXm2H5N4QcqKYq4lU0zk),🚀 Startup Directory
postmake,postmake.io,postmake.io (https://v5.airtableusercontent.com/v3/u/48/48/1767139200000/i30Aoyms5r0osPSdthfkHA/CT-7GVPnDnI77jw6N14yHoXIfVpuhzFSIuMf7bpk_x7VemNcdlIH8tXHMu-w_aeNyWQ4QdgtXoeC9jvvkyU_AAS_BLQHLh872v5EJ1PTz2Uj68o2cu4OenInZyZ9SvPTi09n9LXOC3Gg84AyQxLPRw/DaGWAht_7jAFqIE3xnwDSW-_QJyxfd99HZOlYKI1mSE),🚀 Startup Directory
Press Hunt,presshunt.co,,🗞 Press Coverage
Press Notify,pressnotify.com,pressnotify.com?size=256 (https://v5.airtableusercontent.com/v3/u/48/48/1767139200000/nYmYFJPt23Qkjcdtk-cFQg/louqzXiolmWqOF0tz-QZPgtwlgrzlEqEglWaTQz13vbVHguJCtozRoXxqP8yLmXm4_wnZkr-CHs_UbdnIi59jeWbaEqK6_CthC_NLU_Y6jwQCFhAF0J2cv4eVTVBvHsnt6ZKXSEBk7oBrYuMCR7ImFu_xpBZQjrlW0ZwdG1NWjY/xIBTnjcxy3QAkyms3rP6PwJpW8Xt0cnzy8lVET4kr48),🗞 Press Coverage
pressfarm,press.farm,press.farm?size=256 (https://v5.airtableusercontent.com/v3/u/48/48/1767139200000/zi8Ti67axxypdPrBsd6Gpg/4gyj_gtLmqtstCo-jNooV4ktwuToZVS7F7UTZIA7aKPJsYo_VLhWUXGy4mctk0iivYxDncoX14kwbXePnElvexMgmm79RxQd1QJ5X75ZwG3HaMPhe-aJsL49tvg1-ITbR4cQYCQ4fSqYok2cXGDn7A/f2I88Phhja6UF3vADTlxKgHesTRVX0bWKAVv3DuKx8I),🗞 Press Coverage
Product Hunt,producthunt.com,producthunt.com?size=256 (https://v5.airtableusercontent.com/v3/u/48/48/1767139200000/iQPISdQFpA1vLbk-2i_EAA/RF2QLdybLdBrnCzMDsxjBgzoqOXw9V_USluAuLNC75kLifWWR7h3yub9wm4DLiKQ1UnICSGn7YJ_JEzLutK3RI_qtmd1xdYctD2c3WqFeoKsZZEYXMIMLUPys0O1mSIRCGDx7KvZUWk5n1G-YDXsdtwCUWHyG0lPCGOiJ6Lv-IE/CEiezwyLXI8EwknLEllqN2uGcJ-V8wYBndU4I5T1aM8),👥 Community
Productivity Directory,productivity.directory,,🚀 Startup Directory
Profit Hunt,profithunt.co,,🚀 Startup Directory
Promotehour,promotehour.com,promotehour.com?size=256 (https://v5.airtableusercontent.com/v3/u/48/48/1767139200000/hbVUwJGg4C-q9JdSdO2p5w/AMU4Q1qubit-1cLp8upFF_ga28a-yc5bEH60jNPcUg_w0yDyFSZ6rPwuifSnxN4bP8wczhB2Np-vue4QccpViLOPuHqKed59u9u8lqKtfz8oCIE7S2Io_G7RLN7yR33Z2O3P7cPEQZVNU1C8xiXgqzmuo5qHFK_oDoPSYcIMxgU/ojxE7-weKbR0kv9EAGY-M34kaD8jn4yeHdFrLQDqYEI),🗞 Press Coverage
promoteproject,promoteproject.com,promoteproject.com?size=256 (https://v5.airtableusercontent.com/v3/u/48/48/1767139200000/rOnxqkXRp2WCUdNEnPqYFg/Yu_s0c0LshYsZbc-pIyP5e9mO3XTzC_XmEJ2sOI-cZDE__TE8CsyuygoJc6S85WXv1UsqO8QD3RENYsmN8UHuAANx4_Y5em4mHc4_CgHF-NxnQMKgLEAFbNjpuSGqi4d4Eap2BrUi5bHHBBNF27vXalkI_A1wxbrzlFEksBrudI/7yqmUdxUJbVsvDoUH977_oNll5LlCYPA1-_JITHJApM),🚀 Startup Directory
Public APIs,public-apis.io,public-apis.io?size=256 (https://v5.airtableusercontent.com/v3/u/48/48/1767139200000/VtgiHQPgBq5porV4dH3NXg/MJtNHL1-sthggjp3Jfw4L_L8jDkMvYyyMCOMk6RLgutUbIIr7hk2mvqJANE-uZdtniKr9aYQ2puBac9cbckHIjmJMIzia1t-FoDM_HbBEMWJH10LqXeCfMlvnNJB4dckSTQYrhPDLVbU3cm-N5No6UuzXmvX-FYQkA8PsJbNWEI/dqCGctofk4OahtM2wVlTip-Kkx7R6mbMaLKnYZJ9Og4),🤝 API Marketplace
RapidAPI,rapidapi.com,rapidapi.com?size=256 (https://v5.airtableusercontent.com/v3/u/48/48/1767139200000/KOro4Pk-jR-aIwIJnpDfpA/ft0vrgR0Bwt5I1HioGUFF3tPrQWS50K8EQEQriCSrTQWRyzbPLqK7BHwpnDCgq996e4WucrRQPLRmj-uvxtnn60Zb2ym8nSujRSKRL98TPRg--M_xvd6lhSZOc1m5lH-2EwDWMM4Kvxg78qRFbLvcw/U3O8NNmycNPozSUExIqcAt_hsHsb7b215H9Eyflqo1U),🤝 API Marketplace
Reddit Entrepreneur,reddit.com/r/Entrepreneur/,,💻 Social Media
Reddit SaaS,reddit.com/r/SaaS/,,💻 Social Media
Reddit Small Business,reddit.com/r/Smallbusiness,,💻 Social Media
Reddit Startups,reddit.com/r/startups/,,💻 Social Media
Remote Tools,remote.tools,remote.tools?size=256 (https://v5.airtableusercontent.com/v3/u/48/48/1767139200000/tR64zOJosOSaUHo8Y6qxhA/Mpxkla-YgM_q9I_6jlAzdvXz9p9bY8XTDJusFriSxRPVhND977APv1HxMjINORsRcfHex0T8amRCUOwWisHS2LBl9e2Y4N5dXomX7CqUzUr3pzwW-l6In-zrKf4CBmzyBIgKqSknHMyAN2PHTSxA9g/gh8lFJkFpI4B-ux3mj170VxNy97bc1RPRNbHWlRa7ZE),🚀 Startup Directory
Resource.fyi,resource.fyi,,🚀 Startup Directory
SaaS Alliance,saasalliance.io,futureofsaas.io?size=256 (https://v5.airtableusercontent.com/v3/u/48/48/1767139200000/N6-iIMG9-sRulDjtuCR7ww/sp4Zo_vZVQMXETaOVAroWmquxOptQDzE2yTajeMRlU7iqvil33aELbgSMR3KP1njQX2H-5wyueG90-xZdUeOf5iXPi0zvkK3Wuxe-TpBsoxYBP_Jo825KbcZfICMgL8nA6pqlROO_K142SAsBIe-aEALWeX18cEnm7TAFh_oEnk/H3IvbDrh_NGzS6c0KzjBv0y7OZdz6uh1_ymcvGTfABI),👥 Community
SaaS Community,saascommunity.com,saascommunity.com?size=256 (https://v5.airtableusercontent.com/v3/u/48/48/1767139200000/_WBX-j3gBww2hawlCYskzQ/W8rFpbfAGskvx4RROqpwuRG4C31h4ZWi_WTw8wAraqhBjlg96AKWugUApuupkV5H5uhSJM33LHJAhE1ICDSZu8RjRvGUDvpIDn-hv4D_8l1QCX5APCRDNYpHITu0nkG4WoWRFB5HmE3YuxeYqzedDf3FScppXbF58y32VfjXxn0/NX_-v_Q1aJ8jJXyKwCrM1gc_d0yvj9_F4LwO-GlSilc),👥 Community
Saas Directory,saasdirectory.com,,⭐️ Review Directory
SaaS Insider,saasinsider.com,saasinsider.com?size=256 (https://v5.airtableusercontent.com/v3/u/48/48/1767139200000/J56Z2OU2GmQ14zcVv7Yaew/EknMmIgIRCLPHIzI41xfMPdJiRCv0bA9z4HurfFbDcRZONVqbEcl8r3jNonRvd_lgTkRG_zucCdKrcBbEW8cKyq366cmjT1DJsHL7l3Iap6OUPT6SKxndZCFDUGasU-fcGdLRD5OQB1qBZYktAfK0NIIAWBlY1Mk383YROH-PRo/ZLO6GI67-NlrJ5vPbwQlFX3NVnOyvWmWJGJ6VLHv7Rw),👥 Community
SaaS Mag,saasmag.com,saasmag.com?size=256 (https://v5.airtableusercontent.com/v3/u/48/48/1767139200000/TNQo5uJOmZ1k8eDXYU_wLQ/sfajuce93uG3cB8rHObvV0l6SxGF2EGBw21b77VwjFHxCQHqwG6lnbnbEU9cNR_LOZkdhKZFiC3Dze0goYdKmaODx1xAH-cOE0R-6Ty-nrbuPQmGNDJ3Y7jkc35g6Q7aUbtAiTfRBx7FvAlUCJfVtg/sIDTTgsqQd30ShozoJAgkTWdAUPLJaAsbZgUTkuUEe0),🚀 Startup Directory
SaaS Projects,saasprojects.com,,🚀 Startup Directory
SaaSBaba,saasbaba.com,saasbaba.com (https://v5.airtableusercontent.com/v3/u/48/48/1767139200000/-tFNOKgZy7fkMStyIPckPQ/T7wsq-yY1KAZNiFGiQ0dt8-khpUyQ1KIdwDlvykMVTii8OQ9xXNxqrW3oWQmASqEmlS2shLcLlARj0WOoZGizBBE8OTd9-k-lncsAlcAbU8aIb930Gbx_fIa6021fqgbJSUVqWaSlfD799w1ABvlDg/Syrg7Y6IOb5dFN8ZOHBVVuyGnV5Inc_JIT_YJOdkL-I),🚀 Startup Directory
SaaSGenius,saasgenius.com,saasgenius.com?size=256 (https://v5.airtableusercontent.com/v3/u/48/48/1767139200000/-2QQqWVAApJBijp-VwM-Ag/kfG5DmJJfiXocj2IpsdI302_VtscSNdGmuH7L4QOaXN1DBcnhrCIfjU-k_LftK0_2HOmeMSoJEFLihtk7KD0hTDmWU2OFYanSHb7Q-TtytN2EJ0JGGIROHgjx3svQzwtQ6NVGxT99Yl9vE7Ac5t2w4VH83nPnb2_s-DlBj2ZUHo/LWV_rck2YPyPH5aXmSA9zr3WrWjPVCdQ_2-EWg-3dUY),⭐️ Review Directory
SaaSHub,saashub.com,saashub.com?size=256 (https://v5.airtableusercontent.com/v3/u/48/48/1767139200000/pm9A-CVwU9ElH4Ge5FgxEQ/GzoQmHlvCIfXymEks3NYi5nFuQqKqg0sIbmJeeZ_uha3fJsji16fS5fG9epe6kphv7NiNryHo97qaS2JkUVXbACOU1Gakz4a4gZJCobGmyT-i-HSCt73kfnXZbMxBd-lDjv2lcHSlFbZtayLOmwJ8w/EBwCUaak5pFBXSxv9E7UnYyejAL8N9XwbN1oQm-19iE),⭐️ Review Directory
saaslist,saaslist.com,saaslist.com?size=256 (https://v5.airtableusercontent.com/v3/u/48/48/1767139200000/hV5DlzuEh0jiRSgNAcjztQ/_fdssmo1HmhriiGS0dywlqe9qLGBsu9vOS0gVCh8DBPHj4emVj6h63IetetPHXs2IIpuqutzNXoD9z3P35BqMunPBM55SOoOAOXU0uUShEDPfRktGHf5Nagu8xOsV6g7bAG6aZ-cSDRYW3YNM4yqiQ/2lUzr5-9CfCSIzCRLaJ_xelURtrqGoyZExFu70lgxUw),⭐️ Review Directory
SaaSPlace,saasplace.io,saasplace.io?size=256 (https://v5.airtableusercontent.com/v3/u/48/48/1767139200000/j4-pZBdsUSadAwNOaJzFvA/0ihW2IwCyV7LT799kYJLqH0rw5chAmsfraGMU-YxWZpP2-uZZ3Nkqc4CcuYWFbUNW1rAaA6X1y-fbv4qQ9a-wt-AO91IODqLQR_fvVTu3SHXKSj4HfBxb-AzzbRp7gHQ6PQuPsTHI-Q2CRebqCZL4A/9eoJf-6U74253A7PaFKTn0gJhWX77Bn0oRQBenrcffk),💵 Acquire & Sell
SaaSrefs,saasrefs.com,,🚀 Startup Directory
SaaSworthy,saasworthy.com,saasworthy.com?size=256 (https://v5.airtableusercontent.com/v3/u/48/48/1767139200000/g5ekUsb724I2MOzkgSO0lQ/Hvg2eCsAG0MhpomSYTvgNr3p2rxJZ_zXA-T0KikaiRUIUk3cvo8aJtwKb5G8HYstoDynpDHOkuoIJkkZEUmvTwlGBZmgdDxTOadSbRbVYJ7sQxfuYa3wSuo4CyWj5J7qIuyLZFIHd-5el0VqKKQ49EUcwNnYG2TqaAKD9KND0D4/XcKmQor_8N_K0U2bQqgigNO_rlYtsxTagffAZ4YRVXU),⭐️ Review Directory
SelectHub,selecthub.com,selecthub.com?size=256 (https://v5.airtableusercontent.com/v3/u/48/48/1767139200000/8U7DtrVGeQaoF9QZTGrjbg/FH2mw85HXnB0jBwsULLtm7xfqBYt75AQuiiDWnxb1ai8ZS8KX-FRlQsOMOol0aDeBktXR5H4UrgBb46aPyxlqyo-Tr9Hjs4Aa4gf7gJ6rpNSHlxWNQfadY8oJ6B498Z6EsulxVYkErjut0rQ9Tsp0w/SjJJXcAFAjpR7mfPq3N8bLeHzj5TxFhq7C3vOzTMrg8),⭐️ Review Directory
Serchen,serchen.com,serchen.com?size=256 (https://v5.airtableusercontent.com/v3/u/48/48/1767139200000/3mBPF3bYYyEpKvmYBL9PQA/nEvWK9o1Fbx3-zDkvPTxBZr4jOzyAdKpa8RQ4EiKNl7Edu_Zxgttt6Q0Elwx-v9xdr8s49xypNME1PPKpdVepOC5lgXbnxLEui8rA8IE8lzrLijwz1X0-qbCt1Z1y_5b_DD3cuBPag3MP5FlCsmlVg/W7DCDzjkH3qTFzjU9P6sAkG_Zfv5N9EoKAUEN0-5lPQ),⭐️ Review Directory
Shopify App Store,apps.shopify.com,apps.shopify.com?size=256 (https://v5.airtableusercontent.com/v3/u/48/48/1767139200000/FnSTMe5r_4jXcosrShGiow/Pan3ijHS6o3O8sb7v4-ic3-KwJrphhwB4GzwkdgC5FIg_w78Obn6K__8IBTONa5sBAKfeE1VswaxrFQxOroan54ePap_lEX2B51SgJZju11o8W6w-4HV34wWzm8SOaHXSN_GxIm2gtD7l1Wk0DtncT2tC6kDl8gOwqrDBMUI7DM/_dPH_1iSMtofZMgcJdPkAQCDG-DT_XQkXCvWiUbLGo8),🧩 SaaS Marketplace
Sick Tools,sick.tools,,🚀 Startup Directory
SideProjectors,sideprojectors.com,sideprojectors.com?size=256 (https://v5.airtableusercontent.com/v3/u/48/48/1767139200000/poJz-vgNr_eg9UGU300gsw/7pw3kvo4WkBXC8FOxquFB9d0zfAoybBmnheU49xdeztd3vaiGvlxlhMD6DaZ9IDHAd2seR7Dfo6XgeeyrJ_cuWuovsP57ZP95Km50psynMXvm8DH3gDmhRgqbaFlQkYG7-PZOtKX93CkOeS6MrO7lC29T_SWdLIWFPTfNiVKeTw/O4Dx2xJSrkb4Kyk4mzGhEjPq3P6RwTcR8J4y8WOAw14),🚀 Startup Directory
sitelike,sitelike.org,,🚀 Startup Directory
Slant,slant.co,slant.co?size=256 (https://v5.airtableusercontent.com/v3/u/48/48/1767139200000/_zE5WBPC4mq8L5gDLuEBHw/G6-E-K_TfKRjSh_vilJ0i4HDzx9DRKhTeWOm3M2bVM71r8Y45ZnZm_LP-D7K6LDPHsX5a3B-H-36d66xS3FY25dTKSs5QIgL6GiB-GYhZq932A9q74Prr0RssbSsabmDeLGHCURjp6xO_Oi-sCiv3w/qI4rgnAPAKHn8yvgY7BMaR7t5Xidu22nZu4lvSchZUo),⭐️ Review Directory
Small Business Marketing Tools,sbmarketingtools.com,sbmarketingtools.com (https://v5.airtableusercontent.com/v3/u/48/48/1767139200000/Xm0wDfh4cuyGPZ3L3ORClg/0tCUbIZNbCcSaXTiShWPWIKLGul4u6KREHWbnY3tciH4owKCSNKU8MD6xv0VsrMzJQO7CvqBMtopUwoWqkPpKi6Z2CGeM5JlYDwNlv5wkOtHd2bXg88FB_SRkCehdtBB5A0q9yaOe_XmW6mAZbXwiQ/HMfs0nqUqTG8xN50NQQ_6ys1zH8yVfW1ZRihrtZPw3E),🚀 Startup Directory
Software Advice,softwareadvice.com,softwareadvice.com?size=256 (https://v5.airtableusercontent.com/v3/u/48/48/1767139200000/LCWfHzPmCSDtblYHg1zehg/B0r4-94FlRI8Jy5bcll2qaaHvwviHiB_vcpqZAkU4rdUr22MYGrGjubMoHReS-r_YksF4Xprr1Og1Ow4IzMdZVi_Prg7KLuAxws2ZDwvRFt4C_uTsSzj58gp3m9V-FtV6CA6b5DxbB8lvITzfXp0d1XuOsUZb2cMalW6vGs0YLI/kYFT9d1HqFaF5IxB11lbE521dPShpokQYo4ZrpeOwK0),⭐️ Review Directory
SoftwareSuggest,softwaresuggest.com,softwaresuggest.com?size=256 (https://v5.airtableusercontent.com/v3/u/48/48/1767139200000/vGJpJWoB2lxbbgUMc44iyQ/M6MxlX4kFA5KEQ7bv9k94Hp_O4FIDctNcG0mukHx1xHblfEibd1ZtG-dGz6HU0M7gozwHaQ2LnoPizQdz4H62WNmBDHusFaQGPrU4UH6KU0QMWsx2n3d5aECG0LYY2CBHqFvyVjd-MK7nULVM7MxbZqZzSeqslFvVg-ENj75Tko/f2bg4l_-rbfneXeryb4-8DyvSzT1hAkBSWWtzI40IBs),⭐️ Review Directory
SoftwareSupp,softwaresupp.com,softwaresupp.com?size=256 (https://v5.airtableusercontent.com/v3/u/48/48/1767139200000/hsjaXO2j214gikuHIThd4g/afQqnSNL_fKaXk3rdO9ZJL6Rnp5RRz83UJVRPvfu7i-vSQjvWzHXeuVBDjSwiLQmymEDHFv7l0_3MxEeg64cnBpl6kRu1iifZ7-EkiKPFaxfiiLwXcIP7LDKeLhG1yLVrh5xFyhF-XY4K9ZQkeZ5fkbHs3uKthbPY4my-8VI7Po/oCHgq0S8cQPLn7YpfFX__Lb3Wc-A5RXbl_gBqEWv90s),⭐️ Review Directory
SoftwareWorld,softwareworld.co,,⭐️ Review Directory
SourceForge,sourceforge.net,sourceforge.net?size=256 (https://v5.airtableusercontent.com/v3/u/48/48/1767139200000/_hstpIGdxYH6bHIH0w3vCw/woLfUXOl5FAwpMDBSiJSKqSKXNeSnJHRcw5QPnd7FHUS-FLoeO2CS8Yd1i4k5hMPqhqbE3pzG3nrjJuWE3rWAPBmn5eHIGPXxsAENatJvLc6qTn2UOk7LuSiu42XaGBfncgVrZccT8wicVirZ0xUcT7pGZtr_o5Yo7GVafbf0zE/wkvjsyh7MjIfG3_qBw_zfUzavaG_gBKcnPOMtwEnFpM),🚀 Startup Directory
Spiceworks,spiceworks.com,spiceworks.com?size=256 (https://v5.airtableusercontent.com/v3/u/48/48/1767139200000/TKWu5oHOC7F0icq9UuRq1Q/Yhc-6HYM1BdT3QZQVTmSxrFZh0AYBxrEnFjIIukouDxyPIi04MMPtiXUo_QZG2-iyW4gb7i6QLRjAfE7063iUBq_WS7UkRD7T1r1bkaHjgpERCDe5n7jPzp--0Pr22yHnTYo0Fb8nx7-0Z9O0FL7eH_Zi9ALGOWlIp6TSXkS0Rw/tQz_wMH2hB6b9tJNbAqp1aJXc1N0oYEGNBf4S8tltDA),⭐️ Review Directory
spotSaaS,spotsaas.com,spotsaas.com (https://v5.airtableusercontent.com/v3/u/48/48/1767139200000/HqCgQMRKEewhMSS0Ah975g/0aEQLjq-JaWVKEtLeMb72x1zYlyqfWrqhWdBkdlIQrki79rbbD1NJg9iVAFLFg27hX-4rlAjvch7llALeiAzjdYEb4CuxfYmnPsDS-P4b8BJSIHwSRyxJFEQzk1JedrwKwO-1qXNcLDvTUI-dBij1g/z87Iw-0HKVe0_QMdTaZ3Ld3exH3n0rg1VIBTthEwglU),🚀 Startup Directory
SpsFeed,spsfeed.com,,🚀 Startup Directory
StackList,stacklist.com,stacklist.com?size=256 (https://v5.airtableusercontent.com/v3/u/48/48/1767139200000/-JnS8swpHEqpU_6Zbu1xxg/WHgUyuxNUS8RQEVku9r8w49rV6-UepQzjeKT3akkIx-MYV1qz06PNhs6O3JHdZ_FfNwx7iSmZfJg1TaNar1N6EyvKwgK0aF7LtFFK01M5PSX_csmv_jtHkmA5jsUQWAISuO0eea9ym8sWshYOivr7Q/FP4u4j0Zc0rtnONO6Q0jpSz88ALLkoZnaYxb5JLOqcY),👥 Community
StackShare,stackshare.io,stackshare.io?size=256 (https://v5.airtableusercontent.com/v3/u/48/48/1767139200000/1f9DSq09-2fM1N2pSn7kEg/RWoG7MdxQvhQinl3lKfyGh5jh-gKjyMDeM4S3xguXZPbETbrIb2K0y2yQsD2U6TlgQq81pIYVqKUrBGvBheOYKKHiDqerGC7lI3OEwsfppZobKaQ9jXesK0SH_nuMbR94u9RVV4FP3duW5B129UOcg/l2KBkokLlGlJqUPKCQJ46cwdIufJ7NMzGko4M4arJC4),🚀 Startup Directory
Starter Story,starterstory.com,starterstory.com?size=256 (https://v5.airtableusercontent.com/v3/u/48/48/1767139200000/gLCQs1tqvtCasbYucqBnZA/7l_K2JgJwNGaf92il-pnTeFfi1ujWRom5-J36r2GkBbdKs8VZdmt4uonVguCQIMbBh4q3YoeGRx8r3mCfvF0idUOx3p3BxnOpWEB0I8or_9JbfmNyuDFvChm83BDOWQAhrpv76QR3Ym0M_HGUOo1m1L9JFjkOznDD7qt4YFJ3bc/k3jNEnzTknq_hCnCq1zDULAEIc_ddUdHMRvw_H5TNX4),🚀 Startup Directory
Startup Buffer,startupbuffer.com,startupbuffer.com?size=256 (https://v5.airtableusercontent.com/v3/u/48/48/1767139200000/BM4ps9-7Hvk6ErRXupYpjg/IaCphj7c3Lt_JhKjQ3NGtoqsIDVYaIj6N0GGeDS-dZ9Bn1C1P0IIgqicJF31-gdsGukB9wBHo8W-86cSC1b67Ramr5Ao5vPE_GiPvB5IK9n-VAv-vFFtIFHjz1BLFQ-JRk64ifaVC1CH29NEg7LcTE_LFpxNQ3rlcV7jLiwbfOg/NwGYvMoLnQ-IB2dp4o7zw3U3MAzea3NqicEKW6oLAhg),🗞 Press Coverage
Startup Ranking,startupranking.com,startupranking.com?size=256 (https://v5.airtableusercontent.com/v3/u/48/48/1767139200000/vS4gLoYSQ7b7KxlTLQOBuQ/tGnXXlUv01fm5jmbaflaESVXSsJSTPm-sbXVbMrVinNvVpDYHmjGjeJwXZox38oa2jhudTKg7zKqKp423YngzdY059ErUhGLP2auMmJZxMqVesY67waRJzR1P5Tp5okecHQvoqR3odmnpj6J0jgd9Ks7xg_gyCxAIleRgS6UDeE/T9w4lkuCv-4KIczf25O81rD8CeAMnMwqUvguu43JUsc),🚀 Startup Directory
Startup Roulette,startuproulette.com,,🚀 Startup Directory
Startup Stash,startupstash.com,startupstash.com?size=256 (https://v5.airtableusercontent.com/v3/u/48/48/1767139200000/Rn_UsQU--4koIYjLkz039Q/B5ewi0f8g_YF5pxxOSpceoQMv2y96YrOEWCudI15tcF0S9Y78tGzeqR0C6F_nIrb-M0q6Y656pMOU2dXjMDUbpTZGvKOx8r-pkXArFcS93BWNDvNzovcKXHss4AV7MnhoVYVCmULUtuVgB8kCo4QRchdM02AvB2vqMku74cReuY/OWMC89BF7ink46j39PIUrAC1yAk17S1HYnG1cv-9vzI),🚀 Startup Directory
Startup Tracker,startuptracker.io,startuptracker.io?size=256 (https://v5.airtableusercontent.com/v3/u/48/48/1767139200000/PuoPlpOJ95wYrjGnE11gGg/6uMnGuWr-4GmAsVJ8Ad4_JSlev4CIXNc78LiVp5G7_bxiRLJZRstEBbNpg2VrRE73VnqcIwc8gR5r0JXiPkYpWzfuaI_A33aOKjD_YUUVmsiG0vbuhBM8jctbXlMxNnLek2hPHwxap5N5kCXvkANcTa4--4VLr34jo_fC3i2k88/nRKjDjy_Bjv6kWuGFrPWarrqJLeKuazLUhiwMTIJvdM),🚀 Startup Directory
StartupBase,startupbase.io,startupbase.io?size=256 (https://v5.airtableusercontent.com/v3/u/48/48/1767139200000/TL6V4jhHBlN4e5qAntvPjQ/R2BKMxqMjJC_6P7mE_oDnk3KWZ73ojL7cHGDirhhUdgpmHLMjuwfHPqcYLfYsQCclLJO-BoHppRkw8bSbVIkghZ3RAJKRBefWi3t8MBJz9qXxRhYgKT1fcwC6e3bH-92R035OU2BbnTQT_RY5E5zsiubHsAWFDLlpRpe3kLtZI8/A_-ZmiWrZpnoALvPZYGzEdiqL3oWOyf8AVXFplvZimY),🚀 Startup Directory
Startupbeat,startupbeat.com,startupbeat.com?size=256 (https://v5.airtableusercontent.com/v3/u/48/48/1767139200000/-bN5nIX4EsnVj6SLWhHhgg/gXJOj_C8FkvTY7ChYsehEkd2hnzFwnClkObz3scwKNm2nG7AzcOc0wDgePPTxys_9pkRj5eAVpuiOPeeFv2z3SIyVlA88RELqP_ly0kp0RrTfNJsZ6gzP3_lpDqWAeXTJ6UwlCTtDdtlP3pi5frdOFLTyO-WFr6elpoH96b1bp0/mi1z2a4jS84ta3Ngtnn9Aipr6YXs3YdapTHtjYQWJr0),🗞 Press Coverage
StartupInspire,startupinspire.com,startupinspire.com?size=256 (https://v5.airtableusercontent.com/v3/u/48/48/1767139200000/R4bHVitqMGruMgitUMuhMA/OFluP-hmKeYfnO6hovvy5DaCWscvOfLrhrLw67GTAr3m_6Vp89pRDTyAlcV19iM7r_oQKQN2DVe816HogsUlimuB5JGvNVVPpVNqE3Hm-L05peuCz3td8rSzr8zDg5kM8piNLmhgZFyhq8SRttZQ-YugIRDbQquaApoAmENavnE/Ww95uQUpd676G54GX_xDBF6HEoFXRnog8gtr1wn55i4),🚀 Startup Directory
Startuplister,startuplister.com,startuplister.com?size=256 (https://v5.airtableusercontent.com/v3/u/48/48/1767139200000/NFZqxkfUh1gEAcgTaB72CQ/vwGCkre4MOibA_wU6aDqnfF6z6837qiqt-lx-TvqrGr2ccD2bbPi1wF1rajbG_YzOBqGxQ6uYtjzy-6v1ICRLCWHuwCUhJ1P6jonFiaMLVL13tPGFsjvfUqi3wyHXUynZhl4VhAp5ndD9V3Den_Peb7oSqirdmFv1ogwL9T63qE/UmvCWxLXYXFTXOD1CXEv32eoNLsnn5rrpwMPqcSSQ1k),🚀 Startup Directory
Startups,startups.co.uk,startups.co.uk?size=256 (https://v5.airtableusercontent.com/v3/u/48/48/1767139200000/CjwOhjUQW5PxFHzl5fhKjA/_6SqZEZe0k2KY2zMn7leuM_clt_12l8-Nxhi-8S6xGKjLjSgNG_1Ffn7zfPb7NT05riKZkAXcHW8ov_8uCbd1P-SpPw3S83Z__S4FRDPF22YeFm23IwxMHQsX3kG90QVip9XC_vKk9j6irS1w9vNzg_65GxUSNsnB7xqe7SGIZU/TlM6qrPIFOYwA8hsv267-yT-Rr9SDtUR_VnBNV2AcCk),🚀 Startup Directory
startups.fyi,startups.fyi,startups.fyi (https://v5.airtableusercontent.com/v3/u/48/48/1767139200000/0LH20gTwBDxcEJ5T2crnfQ/IDWK7jLyT8kTLH2M5vFPcvGc_svFwtibUAdzQ-5nWLVHfBhcmptkYh1nKGG2MAaTVX3ZBhMgpV0N7XGBGrDj4Z144iYDJUEFgMDWPisDiMAqspDjBpD3Dyd-vTj6uiSn5mWmvX_xIbDOlz6_PGhVRA/3RwP8NOoYjvqjBnRV5Abh-KMQAIKUjqLVoGUInCPk80),🚀 Startup Directory
StartupStage,startupstage.app,,🚀 Startup Directory
StartupTile,startuptile.com,,🚀 Startup Directory
Stripe App Marketplace,marketplace.stripe.com/,,🧩 SaaS Marketplace
Submit Juice,submitjuice.com,submitjuice.com?size=256 (https://v5.airtableusercontent.com/v3/u/48/48/1767139200000/5Wfnc95SXC1dSq1Z2EzEBw/QbVU5rj_Z9MaDC_1h_wflpxrzzyt2T09Mkd709MhGtXKJ0RFhDDd_hOkwYl-GdSV23KNHT97x47a3vHcK3VrwyKnEghcHmoTQ3Wcgitf_bErEkhC77KBo0zcnYYutrbgIUb8nebNpNU0CRF6T-RXtHuJDMe9llbi8BKWhTjzwZk/AdtIuQOWO3EG6uWT57IZhuwmWqwdylTFHuRrgDRV-oY),🗞 Press Coverage
suitApp,suitapp.de,suitapp.de?size=256 (https://v5.airtableusercontent.com/v3/u/48/48/1767139200000/kzKQ_IEnJJ0JsEHDhV-zbg/EtTdXEIleKPYmSUEDsywhRs9cbgf-grtolrqK5Q5FwhHMAK6bjPRzfShKJHtmlmF7FlvBlrGxHop14RuTvlhpAf1OO1N8SybwSixNPyUCIh1qzhBUHVZHFPF9afNnZxJDfad6p9byTp8wz8fi6STGA/ycm-7dqs4WPGQRE_H0Jm81rdbnWr-j3BuqfuIsKWzDM),⭐️ Review Directory
TechBehemoths,techbehemoths.com,techbehemoths.com (https://v5.airtableusercontent.com/v3/u/48/48/1767139200000/D82DfuV0Tph2ufRcR96jQg/yrSffJII05acsXwCE4Ewe68j_mHpTMMdNmZwXj8FdSdZjwmqGyJPr7jphNMzYd9FDrNAfi-okCEYjH0oun81PPM4psxcxN_tugS89Fq4koMoFa1t_pnBYsNq7iwBsiniVyR3v9v16O-LCspLle24lQ/C2l64bUmgMx1o0WEBL8XHFrrTMjEiMJNO49FQPhJ5S4),🚀 Startup Directory
TechDirectory,techdirectory.io,techdirectory.io?size=256 (https://v5.airtableusercontent.com/v3/u/48/48/1767139200000/yzSwAdk2xkIGIG6nWSUwxQ/8qSVJMwOtnDNDiwjXsSHx5wOe4oByU2XYa5iNfycaQQcNBg1yJxjigL4hYaJZmCR5VbQZQzrVop8exusiPf-CbdH0QLZsrlkSiBTCEK3RsYwdQnUMQxV1c9xYua1NawWmujbzmqBHIFEFhZeQYbf-kjj9rCq2omwambG1otVt1w/QjVcRhuTuzMjpz8j0ad6-54FNzkuMfGNtufNUn5L3EY),⭐️ Review Directory
TechnologyAdvice,technologyadvice.com,technologyadvice.com?size=256 (https://v5.airtableusercontent.com/v3/u/48/48/1767139200000/kWyWLke51fOieYDHSPLKNg/I_U37g25ulxQRX2oqgnlG1RIt2SDkjzsFND-mskWZvYwvd3GCJbx0Ou2m2joVeb3Zag4s0hh9t-lP4d5R7aNXjuaLXEL0YjHIuULZ_6QKNOBS0Qtxy6r22zHXcDiCXyci3eXX4auiCZ1n5e8Hk9zbuJbOCh9FHhdnLSVqIisn1s/3t-DEv3sUP_Z7XBtB7yiYLOnXYFSKMd2ZzV9afWAyQo),⭐️ Review Directory
Techpluto,techpluto.com,techpluto.com?size=256 (https://v5.airtableusercontent.com/v3/u/48/48/1767139200000/TS6iAjCTXUeIFwrZhZP0bQ/tuW1QgML_pebcDIqbE7fRMSrUKrSGhwkl7HPZFjfLDG1c-WrxzYDpQ1Tgf_2BSmlB8gWJ63-RpHTFvSlANZTPvRZaJ77ZNXE5PLRuegtdRHtq6fNrnLsOLmaJ21c4teDzPHvNtwBd7JvEM568DIgJA/S40vYdJ21XF0svNIX63xMcftNVUE1_QvQuIRv3Nuli0),🚀 Startup Directory
tekpon,tekpon.com,tekpon.com (https://v5.airtableusercontent.com/v3/u/48/48/1767139200000/dyMKOeJkAk5e9QB3KbJjOw/dzPJlBQVnFD0qlvwGsak97p7xA9dAJxxSZDr6PaF3SdJIWOvX0bqJ8dngdDiaGm81YGv_E6q7ALLU3j56sR9QySSPtFYFq8jQIy4Ogm0YErMAnxskw9xv2mYYWYp-6zC5wqnW8y4j2u6FsIpiAGvMQ/1CF1Qi4tWAhszHWcRTcq38O9Clc9SwalC2NaWDwwAQk),⭐️ Review Directory
The AI Warehouse,thewarehouse.ai,thewarehouse.ai (https://v5.airtableusercontent.com/v3/u/48/48/1767139200000/jbdxADPKikmTfP_efQDbpg/n1YZJLGGutOxpfpllNCtkzdswXwaH0MdKu9wTwXq_3RAl8Zq7PskGbtwKmyGnCU3HQnM-ltE3oD3FmCzL40E_TVOqvpTmHJ9vDzRMEV76zaNDt80EYINNPLHlffYslW7iy4Th2liokNFxxHB4CTUog/YZGWjDxpLuNt7BAfbYWGK9N2tzQbDLyak1AQkR7_Suc),🚀 Startup Directory
The Startup Pitch,thestartuppitch.com,thestartuppitch.com?size=256 (https://v5.airtableusercontent.com/v3/u/48/48/1767139200000/T_alspDbdHLBJIkCO-pfbQ/-AqvEf3ZqI1yk7aBs04FV_eZ0aAueR40h0OMtXFPajz69y2eT2LC94x84ytN15FOYch_dPkfIUY9ePkIj38TyADpLXL7TJ8fYTHppWfsUB_8NZYmSQlj7LxmkE0gkLo7vB8I98-_y14uBlMVlXY33pozxQf3_GKBRpd82uJrNDw/T1auZvpw9cbF8TCmbTFDoRrGgc_rFb8jNfiUYAm6pR4),🚀 Startup Directory
The Tech Index,thetechindex.com,thetechindex.com (https://v5.airtableusercontent.com/v3/u/48/48/1767139200000/06OK9pAnLlF1BRNH1en7qA/I7FpvKgqAtQzLl0Mep2oSLys51qbghCbh1sFGn1GR9QY8hc4AI_xHYAoSVIWIvqoNw8jPqe5_LAvb8weN39RWiNT7IGevYvdaIKqCkFeY-gO6hn-oSmwYDIenfxbMowphqsQOM7lmBFYNAMzgNlx1g/tO96SPxO7pm-XfL9XnFR8X1M8PB3LQyQXcjAOjkaa_4),🚀 Startup Directory
TheNoCodeCrew,thenocodecrew.com,thenocodecrew.com (https://v5.airtableusercontent.com/v3/u/48/48/1767139200000/jdPGxt558zDoAdwWlGqZcQ/ZGUbtgxmr4AYH8X80ezo6dx5A4L90zefuXVI7ExL2QohKIq3o-sUMS2824zsUohiD9cDWWzjbC09PMHOlLPoao8d2cmisEFIguA0imU0Tu38xIakQf1L1vnf1n3rVgA-iHMCn-Q-oSUBnxJA2oNm4A/PNj7QAp4N-xTkgHPGDxCQXxQlSWHhlNw4pbj239Ejys),🚀 Startup Directory
Tiny Startups,tinystartups.com,,🚀 Startup Directory
TipSeason,tipseason.com,tipseason.com (https://v5.airtableusercontent.com/v3/u/48/48/1767139200000/8Lwm7bgLmfKf3jqBqsWmoA/ahwVvZk_jCy_aH-AKCVirbVjXoOrkZnJFQlbvPZMSIPmjlrEeS6mXIm69GSBtNbLg--s725pMrSILaDntuY4BzI-9X9_pgLh554zmMMt3yS9cVIplfl76tADhJ20qQXodSWdj25Ybv3l-pRQEpOATg/8FAluNJgK9nY4H8JPpAJQTmBXrNFQ1RwB_-V-nHVedc),🚀 Startup Directory
Tool Finder,toolfinder.co,toolfinder.co (https://v5.airtableusercontent.com/v3/u/48/48/1767139200000/AtW8VwXkvFrEGc8Quz-fRg/soydF3j2uFp8M_vYX2Lfv5uoBr1tGX6hKTTPIiFkmUhx7eYV8Oz-TzUdD0m7Bd_Ivyvb0nAmZw85CciJghqBO9Bdgv6dNJZYG1hIVfQMRZf52oac_N82ECBt34oxeIoMHhjvrg9IV6s6F55KdoI8gg/KVSo6NPmqOF6sdKGxw9F_GKoKmQEzNtKslbj8h3itqs),🚀 Startup Directory
Tools,tools.so,,🚀 Startup Directory
Tools for Makers,toolsformakers.com,toolsformakers.com?size=256 (https://v5.airtableusercontent.com/v3/u/48/48/1767139200000/ZUoic12dsGS5uylehbiJ5A/pMsNxG7XW05eOX3f0nfiUiiXOCG15OgTvcUntWwKcPQEwRIn5JapRO4E-ulN0q61LQF3D3pFl6yShYjN57Rr7cv41jO8sTuRRfbDP5WyZ0KYjo6GSUdraRkoBAFerjfkMZCe-aM4GseWQuyl7PhCUAVPVmNMM9-bc-hZ0sS3u6k/9gYA1WCYoKwGPVLnUDtLI-8G_-Vu-a9qDDUSoyZ_3xw),🚀 Startup Directory
Tools NoCode,toolsnocode.com,,🚀 Startup Directory
ToolsFine,toolsfine.com,,🚀 Startup Directory
Toools.design,toools.design,toools.design (https://v5.airtableusercontent.com/v3/u/48/48/1767139200000/2FcU4O1RPgi7taGRBPDbSw/4OCLtAQgQOe0-MW9ND5UvFKXts-XTjEduP6Usj06kpObkjqLbDhhgBbncL7rmb8Re3RBVQrD25nTR8bW8C2MYAMN7kG38zo_7STel7WKZm6mUpfrjAor9BYcF-xLQkX0BaZOCq2v-VoCNsWPlhoxag/xG6mPNwOfnlCxCzxtL0WhNzEIb2hXa7braAHVgR3NsQ),🚀 Startup Directory
Top No Code Tools,topnocode.tools,,🚀 Startup Directory
Trustpilot,trustpilot.com,trustpilot.com?size=256 (https://v5.airtableusercontent.com/v3/u/48/48/1767139200000/wuo6X-EZuneKIl-1gq0zpg/K_58wmZkCQQ_fn9ylW6CvNfQl-rNRVyrSxufNCjjANb10wVqynltYKZS1rfpWoOSHFwg5esZgML0Oqm7mfgVz39gqmVNg2OVqtIPommamJz2lJSUR86BsI6yfhidpMvm5o0zr9U_dpS2Us-pNdfo3BcPJFsUOvE8nJ3kTmzB5PM/YB85q6v5uRjogAPCCyogwz2p9y4gLDECQ0-RpRQNH80),⭐️ Review Directory
TrustRadius,trustradius.com,trustradius.com?size=256 (https://v5.airtableusercontent.com/v3/u/48/48/1767139200000/lcqTlDzOPkzRt19Byu_HIg/gNbUcVzaJiVIdmjTwPl2cK8epYfMytTM4AN3uyVnzT2lYBUamGktVRHSIjjxh0glKQAIQyQix2KNp_sKc7FklXrc8wUV1A8DGXN_m16794srPPgxdf3jLS__dRQ04EhfuZOmL7G356jxDgaUulhtmUo-50axbaDL6t0qpSQBptw/Wv8dOG6jF6J7XmKskixWNTqyT4uhKpEgWJ28WfkAl-8),⭐️ Review Directory
Under 1000 MRR,under1000mrr.tools,,🚀 Startup Directory
